<?xml version="1.0"?>
<Runs Version="1" Minor="0">
	<Run Id="synth_3" LaunchDir="D:/QFT_Bit/pipeline_reduced_qft/pipeline_reduced_1/project_1/project_1.runs/synth_3" FlowId="Vivado_Synthesis" FromStepId="vivado" ToStepId="vivado"/>
	<Run Id="impl_2" LaunchDir="D:/QFT_Bit/pipeline_reduced_qft/pipeline_reduced_1/project_1/project_1.runs/impl_2" FlowId="Vivado_Implementation" FromStepId="init_design" ToStepId="route_design">
		<Parent Id="synth_3"/>
	</Run>
	<Parameters>
		<Parameter Name="runs.monitorLSFJobs" Val="true" Type="bool"/>
		<Parameter Name="runs.enableClusterConf" Val="true" Type="bool"/>
		<Parameter Name="general.shortenLongPath" Val="true" Type="bool"/>
		<Parameter Name="general.usePosixSpawnForFork" Val="true" Type="bool"/>
	</Parameters>
	<ProductInfo Name="vivado"/>
</Runs>

