<?xml version="1.0" encoding="UTF-8"?>
<GenRun Id="impl_1" LaunchPart="xczu7ev-ffvf1517-1LV-i" LaunchTime="1755080731">
  <File Type="PA-TCL" Name="qft3_top_pipelined.tcl"/>
  <File Type="REPORTS-TCL" Name="qft3_top_pipelined_reports.tcl"/>
  <File Type="INIT-TIMING" Name="qft3_top_pipelined_timing_summary_init.rpt"/>
  <File Type="OPT-DCP" Name="qft3_top_pipelined_opt.dcp"/>
  <File Type="OPT-DRC" Name="qft3_top_pipelined_drc_opted.rpt"/>
  <File Type="OPT-UTIL" Name="qft3_top_pipelined_utilization_opted.rpt"/>
  <File Type="OPT-UTIL-PB" Name="qft3_top_pipelined_utilization_opted.pb"/>
  <File Type="OPT-METHODOLOGY-DRC" Name="qft3_top_pipelined_methodology_drc_opted.rpt"/>
  <File Type="OPT-HWDEF" Name="qft3_top_pipelined.hwdef"/>
  <File Type="OPT-TIMING" Name="qft3_top_pipelined_timing_summary_opted.rpt"/>
  <File Type="OPT-RQA-PB" Name="qft3_top_pipelined_rqa_opted.pb"/>
  <File Type="PWROPT-DCP" Name="qft3_top_pipelined_pwropt.dcp"/>
  <File Type="PWROPT-DRC" Name="qft3_top_pipelined_drc_pwropted.rpt"/>
  <File Type="PWROPT-TIMING" Name="qft3_top_pipelined_timing_summary_pwropted.rpt"/>
  <File Type="PLACE-DCP" Name="qft3_top_pipelined_placed.dcp"/>
  <File Type="PLACE-IO" Name="qft3_top_pipelined_io_placed.rpt"/>
  <File Type="PLACE-CLK" Name="qft3_top_pipelined_clock_utilization_placed.rpt"/>
  <File Type="PLACE-UTIL" Name="qft3_top_pipelined_utilization_placed.rpt"/>
  <File Type="PLACE-UTIL-PB" Name="qft3_top_pipelined_utilization_placed.pb"/>
  <File Type="PLACE-CTRL" Name="qft3_top_pipelined_control_sets_placed.rpt"/>
  <File Type="PLACE-SIMILARITY" Name="qft3_top_pipelined_incremental_reuse_placed.rpt"/>
  <File Type="PLACE-PRE-SIMILARITY" Name="qft3_top_pipelined_incremental_reuse_pre_placed.rpt"/>
  <File Type="PLACE-TIMING" Name="qft3_top_pipelined_timing_summary_placed.rpt"/>
  <File Type="PLACE-RQA-PB" Name="qft3_top_pipelined_rqa_placed.pb"/>
  <File Type="POSTPLACE-PWROPT-DCP" Name="qft3_top_pipelined_postplace_pwropt.dcp"/>
  <File Type="POSTPLACE-PWROPT-TIMING" Name="qft3_top_pipelined_timing_summary_postplace_pwropted.rpt"/>
  <File Type="PHYSOPT-DCP" Name="qft3_top_pipelined_physopt.dcp"/>
  <File Type="PHYSOPT-DRC" Name="qft3_top_pipelined_drc_physopted.rpt"/>
  <File Type="PHYSOPT-TIMING" Name="qft3_top_pipelined_timing_summary_physopted.rpt"/>
  <File Type="ROUTE-ERROR-DCP" Name="qft3_top_pipelined_routed_error.dcp"/>
  <File Type="ROUTE-DCP" Name="qft3_top_pipelined_routed.dcp"/>
  <File Type="ROUTE-BLACKBOX-DCP" Name="qft3_top_pipelined_routed_bb.dcp"/>
  <File Type="ROUTE-UTIL" Name="qft3_top_pipelined_utilization_routed.rpt"/>
  <File Type="ROUTE-UTIL-PB" Name="qft3_top_pipelined_utilization_routed.pb"/>
  <File Type="ROUTE-DRC" Name="qft3_top_pipelined_drc_routed.rpt"/>
  <File Type="ROUTE-DRC-PB" Name="qft3_top_pipelined_drc_routed.pb"/>
  <File Type="ROUTE-DRC-RPX" Name="qft3_top_pipelined_drc_routed.rpx"/>
  <File Type="ROUTE-METHODOLOGY-DRC" Name="qft3_top_pipelined_methodology_drc_routed.rpt"/>
  <File Type="ROUTE-METHODOLOGY-DRC-RPX" Name="qft3_top_pipelined_methodology_drc_routed.rpx"/>
  <File Type="ROUTE-METHODOLOGY-DRC-PB" Name="qft3_top_pipelined_methodology_drc_routed.pb"/>
  <File Type="ROUTE-PWR" Name="qft3_top_pipelined_power_routed.rpt"/>
  <File Type="ROUTE-PWR-SUM" Name="qft3_top_pipelined_power_summary_routed.pb"/>
  <File Type="ROUTE-PWR-RPX" Name="qft3_top_pipelined_power_routed.rpx"/>
  <File Type="ROUTE-STATUS" Name="qft3_top_pipelined_route_status.rpt"/>
  <File Type="ROUTE-STATUS-PB" Name="qft3_top_pipelined_route_status.pb"/>
  <File Type="ROUTE-TIMINGSUMMARY" Name="qft3_top_pipelined_timing_summary_routed.rpt"/>
  <File Type="ROUTE-TIMING-PB" Name="qft3_top_pipelined_timing_summary_routed.pb"/>
  <File Type="ROUTE-TIMING-RPX" Name="qft3_top_pipelined_timing_summary_routed.rpx"/>
  <File Type="ROUTE-SIMILARITY" Name="qft3_top_pipelined_incremental_reuse_routed.rpt"/>
  <File Type="ROUTE-CLK" Name="qft3_top_pipelined_clock_utilization_routed.rpt"/>
  <File Type="ROUTE-BUS-SKEW" Name="qft3_top_pipelined_bus_skew_routed.rpt"/>
  <File Type="ROUTE-BUS-SKEW-PB" Name="qft3_top_pipelined_bus_skew_routed.pb"/>
  <File Type="ROUTE-BUS-SKEW-RPX" Name="qft3_top_pipelined_bus_skew_routed.rpx"/>
  <File Type="ROUTE-RQS-PB" Name="qft3_top_pipelined_rqs_routed.pb"/>
  <File Type="POSTROUTE-PHYSOPT-DCP" Name="qft3_top_pipelined_postroute_physopt.dcp"/>
  <File Type="POSTROUTE-PHYSOPT-BLACKBOX-DCP" Name="qft3_top_pipelined_postroute_physopt_bb.dcp"/>
  <File Type="POSTROUTE-PHYSOPT-TIMING" Name="qft3_top_pipelined_timing_summary_postroute_physopted.rpt"/>
  <File Type="POSTROUTE-PHYSOPT-TIMING-PB" Name="qft3_top_pipelined_timing_summary_postroute_physopted.pb"/>
  <File Type="POSTROUTE-PHYSOPT-TIMING-RPX" Name="qft3_top_pipelined_timing_summary_postroute_physopted.rpx"/>
  <File Type="POSTROUTE-PHYSOPT-BUS-SKEW" Name="qft3_top_pipelined_bus_skew_postroute_physopted.rpt"/>
  <File Type="POSTROUTE-PHYSOPT-BUS-SKEW-PB" Name="qft3_top_pipelined_bus_skew_postroute_physopted.pb"/>
  <File Type="POSTROUTE-PHYSOPT-BUS-SKEW-RPX" Name="qft3_top_pipelined_bus_skew_postroute_physopted.rpx"/>
  <File Type="BG-BIT" Name="qft3_top_pipelined.bit"/>
  <File Type="BG-BIN" Name="qft3_top_pipelined.bin"/>
  <File Type="BITSTR-MSK" Name="qft3_top_pipelined.msk"/>
  <File Type="BITSTR-RBT" Name="qft3_top_pipelined.rbt"/>
  <File Type="BITSTR-NKY" Name="qft3_top_pipelined.nky"/>
  <File Type="BITSTR-BMM" Name="qft3_top_pipelined_bd.bmm"/>
  <File Type="BITSTR-MMI" Name="qft3_top_pipelined.mmi"/>
  <File Type="PDI-FILE" Name="qft3_top_pipelined.pdi"/>
  <File Type="BOOT-PDI-FILE" Name="qft3_top_pipelined_boot.pdi"/>
  <File Type="PL-PDI-FILE" Name="qft3_top_pipelined_pld.pdi"/>
  <File Type="RCFI_FILE" Name="qft3_top_pipelined.rcfi"/>
  <File Type="CFI_FILE" Name="qft3_top_pipelined.cfi"/>
  <File Type="RNPI_FILE" Name="qft3_top_pipelined.rnpi"/>
  <File Type="RCDO-FILE" Name="qft3_top_pipelined.rcdo"/>
  <File Type="MARKER-RNPI-FILE" Name="qft3_top_pipelined_markers.rnpi"/>
  <File Type="MARKER-RCDO-FILE" Name="qft3_top_pipelined_markers.rcdo"/>
  <File Type="BOOT_RNPI_FILE" Name="qft3_top_pipelined_boot.rnpi"/>
  <File Type="BOOT_MARKER_RNPI_FILE" Name="qft3_top_pipelined_boot_markers.rnpi"/>
  <File Type="PL_RNPI_FILE" Name="qft3_top_pipelined_pld.rnpi"/>
  <File Type="PL_MARKER_RNPI_FILE" Name="qft3_top_pipelined_pld_markers.rnpi"/>
  <File Type="PL_MASK_RNPI_FILE" Name="qft3_top_pipelined_pld_mask.rnpi"/>
  <File Type="PL_SHUTDOWN_RNPI_FILE" Name="qft3_top_pipelined_pld_shutdown.rnpi"/>
  <File Type="PL_UNMASK_RNPI_FILE" Name="qft3_top_pipelined_pld_unmask.rnpi"/>
  <File Type="PL-RCDO-FILE" Name="qft3_top_pipelined_pld.rcdo"/>
  <File Type="PL-CLEAR-RCDO-FILE" Name="qft3_top_pipelined_pld_clear.rcdo"/>
  <File Type="PL_MARKER_RCDO_FILE" Name="qft3_top_pipelined_pld_markers.rcdo"/>
  <File Type="PL_MASK_RCDO_FILE" Name="qft3_top_pipelined_pld_mask.rcdo"/>
  <File Type="PL_UNMASK_MARKER_RCDO_FILE" Name="qft3_top_pipelined_pld_unmask_markers.rcdo"/>
  <File Type="PL_UNMASK_RCDO_FILE" Name="qft3_top_pipelined_pld_unmask.rcdo"/>
  <File Type="NPI_FILE" Name="qft3_top_pipelined.npi"/>
  <File Type="RBD_FILE" Name="qft3_top_pipelined.rbd"/>
  <File Type="MMI-FILE" Name="qft3_top_pipelined.mmi"/>
  <File Type="BIF-FILE" Name="qft3_top_pipelined.bif"/>
  <File Type="BOOT-BIF-FILE" Name="qft3_top_pipelined_boot.bif"/>
  <File Type="PL-BIF-FILE" Name="qft3_top_pipelined_pld.bif"/>
  <File Type="LTX-FILE" Name="qft3_top_pipelined.ltx"/>
  <File Type="BOOT-LTX-FILE" Name="qft3_top_pipelined_boot.ltx"/>
  <File Type="PL-LTX-FILE" Name="qft3_top_pipelined_pld.ltx"/>
  <File Type="BITSTR-LTX" Name="debug_nets.ltx"/>
  <File Type="BITSTR-LTX" Name="qft3_top_pipelined.ltx"/>
  <File Type="BITSTR-SYSDEF" Name="qft3_top_pipelined.sysdef"/>
  <File Type="BG-BGN" Name="qft3_top_pipelined.bgn"/>
  <File Type="BG-DRC" Name="qft3_top_pipelined.drc"/>
  <File Type="RDI-RDI" Name="qft3_top_pipelined.vdi"/>
  <File Type="WBT-USG" Name="usage_statistics_webtalk.html"/>
  <File Type="ROUTE-RQS" Name="qft3_top_pipelined_routed.rqs"/>
  <File Type="POSTROUTE-PHYSOPT-RQS" Name="qft3_top_pipelined_postroute_physopted.rqs"/>
  <File Type="ROUTE-RQS-RPT" Name="route_report_qor_suggestions_0.rpt"/>
  <File Type="POSTROUTE-PHYSOPT-RQS-RPT" Name="postroute_physopt_report_qor_suggestions_0.rpt"/>
  <FileSet Name="sources" Type="DesignSrcs" RelSrcDir="$PSRCDIR/sources_1" RelGenDir="$PGENDIR/sources_1">
    <Filter Type="Srcs"/>
    <File Path="$PPRDIR/../fixed_point_params.vh">
      <FileInfo>
        <Attr Name="UsedIn" Val="synthesis"/>
        <Attr Name="UsedIn" Val="simulation"/>
        <Attr Name="IsVisible" Val="1"/>
      </FileInfo>
    </File>
    <File Path="$PPRDIR/../ccmult_pipelined.v">
      <FileInfo>
        <Attr Name="UsedIn" Val="synthesis"/>
        <Attr Name="UsedIn" Val="implementation"/>
        <Attr Name="UsedIn" Val="simulation"/>
      </FileInfo>
    </File>
    <File Path="$PPRDIR/../h_gate_simplified.v">
      <FileInfo>
        <Attr Name="UsedIn" Val="synthesis"/>
        <Attr Name="UsedIn" Val="implementation"/>
        <Attr Name="UsedIn" Val="simulation"/>
      </FileInfo>
    </File>
    <File Path="$PPRDIR/../swap_gate_pipelined.v">
      <FileInfo>
        <Attr Name="UsedIn" Val="synthesis"/>
        <Attr Name="UsedIn" Val="implementation"/>
        <Attr Name="UsedIn" Val="simulation"/>
      </FileInfo>
    </File>
    <File Path="$PPRDIR/../qft3_top_pipelined.v">
      <FileInfo>
        <Attr Name="UsedIn" Val="synthesis"/>
        <Attr Name="UsedIn" Val="implementation"/>
        <Attr Name="UsedIn" Val="simulation"/>
      </FileInfo>
    </File>
    <File Path="$PPRDIR/../qft3_top_pipelined_tb.v">
      <FileInfo>
        <Attr Name="AutoDisabled" Val="1"/>
        <Attr Name="UsedIn" Val="synthesis"/>
        <Attr Name="UsedIn" Val="implementation"/>
        <Attr Name="UsedIn" Val="simulation"/>
      </FileInfo>
    </File>
    <Config>
      <Option Name="DesignMode" Val="RTL"/>
      <Option Name="TopModule" Val="qft3_top_pipelined"/>
    </Config>
  </FileSet>
  <FileSet Name="constrs_in" Type="Constrs" RelSrcDir="$PSRCDIR/constrs_1" RelGenDir="$PGENDIR/constrs_1">
    <Filter Type="Constrs"/>
    <File Path="$PPRDIR/../qft_timing.xdc">
      <FileInfo>
        <Attr Name="UsedIn" Val="synthesis"/>
        <Attr Name="UsedIn" Val="implementation"/>
      </FileInfo>
    </File>
    <Config>
      <Option Name="ConstrsType" Val="XDC"/>
    </Config>
  </FileSet>
  <FileSet Name="utils" Type="Utils" RelSrcDir="$PSRCDIR/utils_1" RelGenDir="$PGENDIR/utils_1">
    <Filter Type="Utils"/>
    <File Path="$PSRCDIR/utils_1/imports/synth_1/qft3_top_pipelined.dcp">
      <FileInfo>
        <Attr Name="UsedIn" Val="synthesis"/>
        <Attr Name="UsedIn" Val="implementation"/>
        <Attr Name="UsedInSteps" Val="synth_1"/>
        <Attr Name="UsedInSteps" Val="synth_1_copy_2"/>
        <Attr Name="AutoDcp" Val="1"/>
      </FileInfo>
    </File>
    <Config>
      <Option Name="TopAutoSet" Val="TRUE"/>
    </Config>
  </FileSet>
  <Strategy Version="1" Minor="2">
    <StratHandle Name="Vivado Implementation Defaults" Flow="Vivado Implementation 2025">
      <Desc>Default settings for Implementation.</Desc>
    </StratHandle>
    <Step Id="init_design"/>
    <Step Id="opt_design"/>
    <Step Id="power_opt_design"/>
    <Step Id="place_design"/>
    <Step Id="post_place_power_opt_design"/>
    <Step Id="phys_opt_design"/>
    <Step Id="route_design"/>
    <Step Id="post_route_phys_opt_design"/>
    <Step Id="write_bitstream"/>
  </Strategy>
</GenRun>
